[
        {
            "qdes": "对收货过程是否满意",
            "qtype": "1",
            "qid": "0000000001",
            "alist": [
                {
                   "ades": "很满意",
                   "aid": "1"
                },
                {
                   "ades": "满意",
                   "aid": "2" 
                },
                {
                    "ades": "一般",
                    "aid": "3"
                },
                {
                    "ades": "不满意",
                    "aid": "4"
                },
                {
                    "ades": "很不满意",
                    "aid": "5"
                }

            ]
            
        },
        {
            "qdes": "都提供那些运输方式",
            "qtype": "2",
            "qid": "0000000002",
            "alist": [
                {
                    "ades": "海运",
                    "aid": "0000000001" 
                },
                {
                    "ades": "陆运",
                    "aid": "0000000002"
                }

            ]
            
        },
        {
            "qdes": "有什么意见？",
            "qtype": "3",
            "qid": "0000000003",
            "alist": [
                {
                  "aid": "0000000001"
                }
            ]
   
        },{
            "qdes": "有什么意见？",
            "qtype": "3",
            "qid": "0000000003",
            "alist": [
                {
                  "aid": "0000000001"
                }
            ]
   
        }
    ]